,id,conversation_id,created_at,date,time,timezone,user_id,username,name,place,tweet,language,mentions,urls,photos,replies_count,retweets_count,likes_count,hashtags,cashtags,link,retweet,quote_url,video,thumbnail,near,geo,source,user_rt_id,user_rt,retweet_id,reply_to,retweet_date,translate,trans_src,trans_dest,negative,neutral,positive
0,1293695863244562432,1293695863244562432,2020-08-12 23:48:24 UTC,2020-08-12,23:48:24,0,1042019366899015681,taka60099549,TAKA„Åï„Çì,,„ÉÅ„É£„É≥„Éî„Ç™„É≥Âú∞È†≠ÊâÄÈÅ∏Êâã„ÄÇ Ë¶ã„ÅüÁõÆËçâÈ£ü„ÄÅËµ∞„ÇäËÇâÈ£ü„ÄÇÁàΩ„ÇÑ„Åã„Å†„Åë„Å©ÈÄü„ÅÑ„Çì„Åß„Åô„ÄÇ‰∏äÊâã„ÅÑ„Çì„Åß„Åô„ÄÇ„Åß„ÇÇ„ÅÑ„Å§„ÅãÂãù„Å£„Å¶„ÇÑ„Çã„Åúw #evjp #jevra #tesla #model3 #„ÅÑ„Å§„Å†„Å®„ÅØË®Ä„Å£„Å¶„Å™„ÅÑ #Âæå„Çç„ÅÆ‰∏çÂØ©ËÄÖ„ÅØ„ÅÜ„Å°„ÅÆÁõ£Áù£  https://t.co/ydbH3OwDTw,ja,[],[],['https://pbs.twimg.com/media/EfQgj_HVoAANSW-.jpg'],3,2,67,"['evjp', 'jevra', 'tesla', 'model3', '„ÅÑ„Å§„Å†„Å®„ÅØË®Ä„Å£„Å¶„Å™„ÅÑ', 'Âæå„Çç„ÅÆ‰∏çÂØ©ËÄÖ„ÅØ„ÅÜ„Å°„ÅÆÁõ£Áù£']",[],https://twitter.com/TAKA60099549/status/1293695863244562432,False,,1,https://pbs.twimg.com/media/EfQgj_HVoAANSW-.jpg,,,,,,,[],,,,,0.047235817,0.89661247,0.056151543
1,1293695762736517120,1293695762736517120,2020-08-12 23:48:00 UTC,2020-08-12,23:48:00,0,2218420168,nickwhoward,Nick,,Tesla Owners!! Find the best photo of your Tesla in your camera roll and post it below!,en,[],[],[],190,14,161,[],[],https://twitter.com/nickwhoward/status/1293695762736517120,False,,0,,,,,,,,[],,,,,0.0027497746,0.032745525,0.9645046
2,1293695050149314560,1293695050149314560,2020-08-12 23:45:10 UTC,2020-08-12,23:45:10,0,701228042216050690,vm_one1,VM.$tsla,,Whaaat. Even credit karma is seeing this?? #modelx #Tesla  https://t.co/sk9gQbimhc,en,[],[],['https://pbs.twimg.com/media/EfQgyslU0AAJYWP.jpg'],1,4,59,"['modelx', 'tesla']",[],https://twitter.com/vm_one1/status/1293695050149314560,False,,1,https://pbs.twimg.com/media/EfQgyslU0AAJYWP.jpg,,,,,,,[],,,,,0.6289503,0.32249182,0.048557933
3,1293694006971572225,1293694006971572225,2020-08-12 23:41:01 UTC,2020-08-12,23:41:01,0,16045536,_gettingstoned,GettingStoned.eth,,"The Tesla community isn't a cult of status and privilege ""gifted to those who pledge all available financial assets""  I had nothing and this community EMPOWERED me.   Cults demand money. Communities empower their members.   This community was a LIGHT in my darkest moments.",en,[],[],[],1,10,67,[],[],https://twitter.com/_GettingStoned/status/1293694006971572225,False,https://twitter.com/WholeMarsBlog/status/1293618211821240321,0,,,,,,,,[],,,,,0.031145317,0.14389764,0.824957
4,1293681999090262016,1293681999090262016,2020-08-12 22:53:18 UTC,2020-08-12,22:53:18,0,119196654,guillet6,Guille P51 Mustang,,"Aeropuerto internacional de Melilla, estamos despegados , hasta un TESLA en el estacionamiento. My first tesla (what i see) @elonmusk üòä (Ahora si hay un motivo para que le d√© MG , no @LicTricolor2 ?)  https://t.co/OAgAIanAEM",es,"[{'screen_name': 'elonmusk', 'name': 'elon musk', 'id': '44196397'}, {'screen_name': 'lictricolor2', 'name': 'lic. tricolor 2', 'id': '1137807005798797313'}]",[],['https://pbs.twimg.com/media/EfQU6CzWkAEdqSc.jpg'],10,3,70,[],[],https://twitter.com/GuilleT6/status/1293681999090262016,False,,1,https://pbs.twimg.com/media/EfQU6CzWkAEdqSc.jpg,,,,,,,[],,,,,0.0033162665,0.11558239,0.88110137
5,1293679890907054081,1293679890907054081,2020-08-12 22:44:56 UTC,2020-08-12,22:44:56,0,415794343,tweetermeyer,E.W. Niedermeyer,,"Remember: this is definitely a COVID thing, even though market share has been falling for a year as the market has grown. A ship or two will fix it. Or maybe the new factory? Or a new model? Point is, something will just fix this without Tesla having to admit a single misstep.",en,[],[],[],8,8,67,[],[],https://twitter.com/Tweetermeyer/status/1293679890907054081,False,https://twitter.com/AutoNewsEurope/status/1293488785213157377,0,,,,,,,,[],,,,,0.49529606,0.4611419,0.043561954
6,1293679386827399171,1293679386827399171,2020-08-12 22:42:55 UTC,2020-08-12,22:42:55,0,361871810,mattihaapoja,Matti Haapoja,,I spilled coffee in the tesla... that might be the last time I ever drink coffee.,en,[],[],[],52,11,1133,[],[],https://twitter.com/MattiHaapoja/status/1293679386827399171,False,,0,,,,,,,,[],,,,,0.8704935,0.11509614,0.01441044
7,1293677391995457539,1293677391995457539,2020-08-12 22:35:00 UTC,2020-08-12,22:35:00,0,872519322077470721,tdanetwork,TD Ameritrade Network,,"‚ÄúIf you are a long-term investor, missing #Tesla will be the greatest mistake you will ever make.‚Äù  @GerberKawasaki talks $TSLA stock split, gives his outlook for #tech and the #EV space with @NPetallides:",en,"[{'screen_name': 'gerberkawasaki', 'name': 'ross gerber', 'id': '349249475'}, {'screen_name': 'npetallides', 'name': 'nicole petallides', 'id': '2353958539'}]",[],[],27,76,315,"['tesla', 'tech', 'ev']",['tsla'],https://twitter.com/TDANetwork/status/1293677391995457539,False,,0,,,,,,,,[],,,,,0.15665364,0.49785855,0.34548777
8,1293673469427585024,1293673469427585024,2020-08-12 22:19:25 UTC,2020-08-12,22:19:25,0,985686123123949568,kristennetten,‚Ä¢K10‚Ä¢‚ô•Ô∏èüïäüá∫üá¶ ü¶ä,,Squabbles to sue Tesla from TeslaQville:   https://t.co/gzlh4B2DgI,en,[],['https://twitter.com/AvatarDomy/status/1293640538558730240/video/1'],[],17,16,172,[],[],https://twitter.com/Kristennetten/status/1293673469427585024,False,,0,,,,,,,,[],,,,,0.13243534,0.8477016,0.019863123
9,1293669133578579968,1293669133578579968,2020-08-12 22:02:11 UTC,2020-08-12,22:02:11,0,97530284,awealthofcs,Ben Carlson,,Finance textbooks: Stock splits don‚Äôt impact the value of a company in any way   Tesla investors: We disagree,en,[],[],[],91,288,2771,[],[],https://twitter.com/awealthofcs/status/1293669133578579968,False,,0,,,,,,,,[],,,,,0.4828332,0.48915598,0.02801101
10,1293668817223086080,1293666209670369280,2020-08-12 22:00:55 UTC,2020-08-12,22:00:55,0,308795969,dmc_ryan,Ryan McCaffrey,,"@BenSullins Disappointed to see all of the defensive/fanboy replies from some Tesla fans in there. If they hit 500+ and the car is good, that's a GREAT thing; such a big number will also help them get noticed by luxury car buyers. Plus Peter Rawlinson is running Lucid &amp; he built the S!",en,[],[],[],11,3,112,[],[],https://twitter.com/DMC_Ryan/status/1293668817223086080,False,,0,,,,,,,,[],,,,,0.12052108,0.26156074,0.61791813
11,1293668155349442560,1293668155349442560,2020-08-12 21:58:18 UTC,2020-08-12,21:58:18,0,31263848,stevenmarkryan,stevenmarkryan,,"üòØ $TSLA  Just noticed. If Tesla stock split today ($1554.76 close), it'd be $310.95/share.  My cost basis:  $310.90/share  This coincidence proves the flying spaghetti monster is real.  https://t.co/LV5q2wgPwv",en,[],[],['https://pbs.twimg.com/media/EfQIP_rXgAAT0Sg.jpg'],14,7,240,[],['tsla'],https://twitter.com/stevenmarkryan/status/1293668155349442560,False,,1,https://pbs.twimg.com/media/EfQIP_rXgAAT0Sg.jpg,,,,,,,[],,,,,0.067572504,0.5555411,0.3768863
12,1293663519515316225,1293663519515316225,2020-08-12 21:39:52 UTC,2020-08-12,21:39:52,0,22024763,dietukkerfries,Jelmer Visser,,"Maar zij zijn ook geen topprioriteit. We moesten toko's als KLM, Booking dotcom en Tesla met miljarden in leven houden zodat ze ons terugbetalen in gewiekste fiscale sandwichconstructies.  Bovendien kregen onze zorgkanjers al applaus dit voorjaar. Aangrijpend was dat he?",nl,[],[],[],3,30,125,[],[],https://twitter.com/DieTukkerfries/status/1293663519515316225,False,https://twitter.com/op1npo/status/1293657692205195264,0,,,,,,,,[],,,,,0.05823438,0.8009407,0.14082482
13,1293663314732556292,1293663314732556292,2020-08-12 21:39:03 UTC,2020-08-12,21:39:03,0,275295731,davidtayar5,David Tayar,,"* Tesla's Stock Has Room to Run Further | Wedbush  (maintains $1,800 PT; $2,500 bull case)  $TSLA",en,[],[],[],2,25,180,[],['tsla'],https://twitter.com/davidtayar5/status/1293663314732556292,False,,0,,,,,,,,[],,,,,0.0035029491,0.31597966,0.6805174
14,1293659234555527171,1293659234555527171,2020-08-12 21:22:51 UTC,2020-08-12,21:22:51,0,1365400670,kelvinyang7,Kelvin Yang,,"What China speed? What Germany speed?  What Texas speed?  It‚Äôs Tesla speed.  It‚Äôs the speed of jobs, tech and capital.",en,[],[],[],2,15,222,[],[],https://twitter.com/KelvinYang7/status/1293659234555527171,False,,0,,,,,,,,[],,,,,0.10872545,0.77418286,0.117091544
15,1293656158700556288,1293656158700556288,2020-08-12 21:10:37 UTC,2020-08-12,21:10:37,0,1374059611,teslany,Tesla New York,,.@Gfilche talks Tesla on Yahoo Finance! üì∫üìä‚ö°Ô∏è $TSLA #Tesla #EV  https://t.co/scjYjxkVtw,ht,"[{'screen_name': 'gfilche', 'name': 'gali', 'id': '348844712'}]",[],[],4,35,177,"['tesla', 'ev']",['tsla'],https://twitter.com/TeslaNY/status/1293656158700556288,False,,1,https://pbs.twimg.com/amplify_video_thumb/1293650130147540992/img/caqq7k8zKXT8I46P.jpg,,,,,,,[],,,,,0.0038475601,0.6100951,0.38605717
16,1293656045588537354,1293656045588537354,2020-08-12 21:10:10 UTC,2020-08-12,21:10:10,0,272456454,mayer,Mayer Mizrachi,,Deliviri Tesl√≠stico üòé @GeekyMotors  #Tesla #Model3  https://t.co/NTXmwqHMFM,es,"[{'screen_name': 'geekymotors', 'name': 'geeky motors', 'id': '1245384656759017472'}]",[],[],39,112,833,"['tesla', 'model3']",[],https://twitter.com/Mayer/status/1293656045588537354,False,,1,https://pbs.twimg.com/ext_tw_video_thumb/1293655798938251264/pu/img/Zkg4zj89jWTqAyuQ.jpg,,,,,,,[],,,,,0.0021747588,0.11594366,0.8818814
17,1293655690586632193,1293655690586632193,2020-08-12 21:08:46 UTC,2020-08-12,21:08:46,0,1689516060,vincent13031925,vincentyu.eth,,"Tesla Giga Construction Speeding Forward: A Comparison of Giga Texas üá∫üá∏ ,Giga Shanghai üá®üá≥ &amp; Giga Berlin üá©üá™   $TSLA #Tesla  Via @Tesmanian_com  By @EvaFoxU &amp; @SmokeyShorts   https://t.co/sLHLN7TFKB",en,"[{'screen_name': 'tesmanian_com', 'name': 'tesmanian.com', 'id': '1100520274200416256'}, {'screen_name': 'evafoxu', 'name': 'eva fox Áãêü¶ä‚ù§Ô∏èüá∫üá¶', 'id': '959471389282578432'}, {'screen_name': 'smokeyshorts', 'name': 'smokey ü¶äüá∫üá¶', 'id': '1142075458231492608'}]",['https://www.tesmanian.com/blogs/tesmanian-blog/tesla-s-remarkable-car-buy-experience-will-reform-traditional-sales-model-especially-post-pandemic'],[],0,15,86,['tesla'],['tsla'],https://twitter.com/vincent13031925/status/1293655690586632193,False,,0,,,,,,,,[],,,,,0.0052873488,0.8020708,0.19264185
18,1293651576049950721,1293651576049950721,2020-08-12 20:52:25 UTC,2020-08-12,20:52:25,0,1100520274200416256,tesmanian_com,Tesmanian.com,,"Tesla Giga Construction Speeding Forward: A Comparison of Texas, Shanghai &amp; Berlin  https://t.co/GpL149JgtJ",en,[],['https://www.tesmanian.com/blogs/tesmanian-blog/tesla-s-remarkable-car-buy-experience-will-reform-traditional-sales-model-especially-post-pandemic'],[],0,20,87,[],[],https://twitter.com/Tesmanian_com/status/1293651576049950721,False,,0,,,,,,,,[],,,,,0.008777847,0.90569806,0.08552411
19,1293647715583262720,1293647126962962432,2020-08-12 20:37:04 UTC,2020-08-12,20:37:04,0,322929640,mrmhelfer,Cyber_Matt,,@nikolatrevor @Jaguar @Porsche @Tesla You should ditch it and drive the prototype badger!,en,[],[],[],12,1,163,[],[],https://twitter.com/MrMHelfer/status/1293647715583262720,False,,0,,,,,,,,"[{'screen_name': 'nikolatrevor', 'name': 'Trevor Milton', 'id': '1370805675010314241'}, {'screen_name': 'Jaguar', 'name': 'Jaguar', 'id': '349714440'}, {'screen_name': 'Porsche', 'name': 'Porsche', 'id': '57016932'}, {'screen_name': 'Tesla', 'name': 'Tesla', 'id': '13298072'}]",,,,,0.37914705,0.5185284,0.10232455
20,1293644104614715392,1293644104614715392,2020-08-12 20:22:43 UTC,2020-08-12,20:22:43,0,20402945,cnbc,CNBC,,Tesla just announced a five-for-one stock split ‚Äî here's what that means for investors.  https://t.co/LGMrJtcSf9,en,[],['https://cnb.cx/2F9O5hg'],[],15,39,103,[],[],https://twitter.com/CNBC/status/1293644104614715392,False,,0,,,,,,,,[],,,,,0.0037713142,0.5482113,0.44801742
21,1293640509865504769,1293574076653436929,2020-08-12 20:08:26 UTC,2020-08-12,20:08:26,0,88936240,radioflyer,Radio Flyer,,@Casey Hi Casey: We are so happy to hear your family is enjoying your Tesla Model S for Kids! Our CS Team is happy to help with providing a new charger. Can you please DM us your daytime contact information? A rep from our team will contact you directly.,en,[],[],[],5,0,326,[],[],https://twitter.com/RadioFlyer/status/1293640509865504769,False,,0,,,,,,,,"[{'screen_name': 'Casey', 'name': 'Casey Neistat', 'id': '154221292'}]",,,,,0.0016008425,0.013376802,0.98502237
22,1293638800351125505,1293638800351125505,2020-08-12 20:01:39 UTC,2020-08-12,20:01:39,0,1308211178,teslarati,TESLARATI,,Tesla China battery supplier CATL looks to increase range with new cell installation design  https://t.co/vTvgRmE0Ll  https://t.co/xAsiOJiA2S,en,[],['https://www.teslarati.com/tesla-catl-battery-installation-increased-range/'],['https://pbs.twimg.com/media/EfPtofJXoAA7Atc.jpg'],3,23,234,[],[],https://twitter.com/Teslarati/status/1293638800351125505,False,,1,https://pbs.twimg.com/media/EfPtofJXoAA7Atc.jpg,,,,,,,[],,,,,0.004316662,0.57489324,0.42079002
23,1293637899615981571,1293637899615981571,2020-08-12 19:58:04 UTC,2020-08-12,19:58:04,0,31263848,stevenmarkryan,stevenmarkryan,, https://t.co/FRf3v35zS8 - Tesla 5-for-1 Stock Split Announced  NEW  $TSLA  https://t.co/DUELa0yjKO,en,[],['https://youtu.be/zdUk0pf5Lxc'],['https://pbs.twimg.com/media/EfPsx2VWoAM_fe-.jpg'],13,14,141,[],['tsla'],https://twitter.com/stevenmarkryan/status/1293637899615981571,False,,1,https://pbs.twimg.com/media/EfPsx2VWoAM_fe-.jpg,,,,,,,[],,,,,0.0037532055,0.7401722,0.25607455
24,1293629546592374795,1293629546592374795,2020-08-12 19:24:53 UTC,2020-08-12,19:24:53,0,14216123,jimcramer,Jim Cramer,,Why Tesla and Apple's Stock Splits Could Be the Start of a Trend: @EricJhonsa  https://t.co/AakqhTgev5,en,"[{'screen_name': 'ericjhonsa', 'name': 'eric jhonsa', 'id': '572077039'}]",['https://bit.ly/3fMN2jX'],[],24,57,257,[],[],https://twitter.com/jimcramer/status/1293629546592374795,False,,0,,,,,,,,[],,,,,0.0061183795,0.75643736,0.23744428
25,1293629298398683137,1293629298398683137,2020-08-12 19:23:53 UTC,2020-08-12,19:23:53,0,94543804,tansuyegen,Tansu YEƒûEN,,"Elektrikli araba yarƒ±≈üƒ±nda Lucid Air, yakƒ±nda √ßƒ±kacak aracƒ±nƒ±n tek ≈üarjda 832 km gidebileceƒüini duyurdu.  Yapƒ±lan test s√ºr√º≈ü√ºnde tek ≈üarjda: -Porsche 380km,  -Tesla  572km  - piyasaya sunulmamƒ±≈ü Lucid Air 734km gitti...  734km √ßok iyi mesafe...   https://t.co/oU4aGuOoJa",tr,[],[],[],12,153,926,[],[],https://twitter.com/TansuYegen/status/1293629298398683137,False,,1,https://pbs.twimg.com/amplify_video_thumb/1293249529962274817/img/FVkHLVo4l6qMFHFJ.jpg,,,,,,,[],,,,,0.046844877,0.8950645,0.058090575
26,1293623291559763970,1293623291559763970,2020-08-12 19:00:01 UTC,2020-08-12,19:00:01,0,898021206967951360,teslapodcast,Rob Maurer,,"There's a hilarious forcing function in the media right now (and for some time) that actually costs them money if they talk about EVs and don't mention @Tesla. Lower search interest, fewer clicks, lower ROI. $TSLA basically getting paid by the media and competition. @elonmusk",en,"[{'screen_name': 'tesla', 'name': 'tesla', 'id': '13298072'}, {'screen_name': 'elonmusk', 'name': 'elon musk', 'id': '44196397'}]",[],[],23,58,613,[],['tsla'],https://twitter.com/TeslaPodcast/status/1293623291559763970,False,,0,,,,,,,,[],,,,,0.65252346,0.31299493,0.034481496
27,1293621566945857537,1293621566945857537,2020-08-12 18:53:10 UTC,2020-08-12,18:53:10,0,4808581,alexroy144,Alex Roy,,"How cool is the @LucidMotors Air?  Finally, a halo EV way nicer than a Tesla Model S   https://t.co/vySjYkIw69  https://t.co/GXa7nvKr7z",en,"[{'screen_name': 'lucidmotors', 'name': 'lucid motors', 'id': '487094283'}]",['https://lucidmotors.com/'],['https://pbs.twimg.com/media/EfPb7g0WsAQCW7L.jpg'],21,8,86,[],[],https://twitter.com/AlexRoy144/status/1293621566945857537,False,,1,https://pbs.twimg.com/media/EfPb7g0WsAQCW7L.jpg,,,,,,,[],,,,,0.0024985413,0.012896362,0.98460513
28,1293621359528914944,1293618211821240321,2020-08-12 18:52:21 UTC,2020-08-12,18:52:21,0,1034292613875023872,phibetakitten,The Girl With the Mozart Tattoo,,"@WholeMarsBlog Ah yes, I shall never forget the cruel hazing ritual I endured--forced to sell my home, my jewelry, and my infant son as well as pledge all my cash--in order to become a Tesla cult member and official superfan. Totally worth it in hindsight, though!! Greg just doesn't understand.",en,[],[],[],8,4,62,[],[],https://twitter.com/phibetakitten/status/1293621359528914944,False,,0,,,,,,,,"[{'screen_name': 'WholeMarsBlog', 'name': 'Whole Mars Catalog', 'id': '1263491240336769026'}]",,,,,0.6751854,0.22489288,0.09992171
29,1293620471414497281,1293620471414497281,2020-08-12 18:48:49 UTC,2020-08-12,18:48:49,0,985686123123949568,kristennetten,‚Ä¢K10‚Ä¢‚ô•Ô∏èüïäüá∫üá¶ ü¶ä,,It‚Äôs important to accelerate advent of cars powered by electricity made from solar power.    This is Tesla.,en,[],[],[],2,6,73,[],[],https://twitter.com/Kristennetten/status/1293620471414497281,False,,0,,,,,,,,[],,,,,0.0045384914,0.17864649,0.81681514
30,1293618660070785024,1293618660070785024,2020-08-12 18:41:37 UTC,2020-08-12,18:41:37,0,942438937,investeraren,Nicklas Andersson,,"Tesla rusar tv√•siffrigt efter att ha aviserat aktiesplit 5:1 ig√•r. Uppg√•ngen motsvarar 35 bUSD lr strax √∂ver 300 000 000 000 kr. Vet att jag sl√•r in √∂ppna d√∂rrar p√• finanstwitter s√• f√∂rl√•t mig, men m√•ste bara skriva att en aktiesplit INTE skapar ngt direkt fundamentalt v√§rdeüò¨üëã  https://t.co/nocTGilbOW",sv,[],[],['https://pbs.twimg.com/tweet_video_thumb/EfPbT56XkAcynKh.jpg'],25,3,201,[],[],https://twitter.com/Investeraren/status/1293618660070785024,False,,1,https://pbs.twimg.com/tweet_video_thumb/EfPbT56XkAcynKh.jpg,,,,,,,[],,,,,0.062339317,0.83429575,0.10336498
31,1293616344315772928,1293616344315772928,2020-08-12 18:32:25 UTC,2020-08-12,18:32:25,0,349249475,gerberkawasaki,Ross Gerber,,Tesla approaching a new planetary orbit... up $200... $TSLA,en,[],[],[],24,24,426,[],['tsla'],https://twitter.com/GerberKawasaki/status/1293616344315772928,False,,0,,,,,,,,[],,,,,0.003733578,0.1664256,0.8298409
32,1293614815554887680,1293614815554887680,2020-08-12 18:26:20 UTC,2020-08-12,18:26:20,0,284278132,morganhousel,Morgan Housel,,Tesla surges on widespread reports of innumeracy.,en,[],[],[],18,38,517,[],[],https://twitter.com/morganhousel/status/1293614815554887680,False,,0,,,,,,,,[],,,,,0.064942814,0.76659936,0.16845769
33,1293614589301514241,1293614589301514241,2020-08-12 18:25:26 UTC,2020-08-12,18:25:26,0,1689516060,vincent13031925,vincentyu.eth,,Tesla Model 3 is Best Selling EV of 2020 In South Korea üá∞üá∑ (Jan-July)  https://t.co/l6f4pTGoae,en,[],['https://www.tesmanian.com/blogs/tesmanian-blog/tesla-model-3-is-no-1-best-selling-ev-of-2020-in-south-korea-jan-july'],[],7,22,185,[],[],https://twitter.com/vincent13031925/status/1293614589301514241,False,,0,,,,,,,,[],,,,,0.0020473755,0.087929994,0.91002274
34,1293613999041331200,1293613999041331200,2020-08-12 18:23:06 UTC,2020-08-12,18:23:06,0,19972573,econompic,Jake,,Tesla is up one Ford on news of a 5:1 stock split. Sounds about right.,en,[],[],[],3,10,78,[],[],https://twitter.com/EconomPic/status/1293613999041331200,False,,0,,,,,,,,[],,,,,0.015350304,0.44721222,0.53743744
35,1293613978959003649,1293613978959003649,2020-08-12 18:23:01 UTC,2020-08-12,18:23:01,0,1100520274200416256,tesmanian_com,Tesmanian.com,,Tesla Model 3 is Best Selling EV of 2020 In South Korea (Jan-July)   https://t.co/1BFsC8kHUD,en,[],['https://www.tesmanian.com/blogs/tesmanian-blog/tesla-model-3-is-no-1-best-selling-ev-of-2020-in-south-korea-jan-july'],[],16,68,866,[],[],https://twitter.com/Tesmanian_com/status/1293613978959003649,False,,0,,,,,,,,[],,,,,0.00218528,0.08964856,0.908166
36,1293611329287118854,1293611329287118854,2020-08-12 18:12:29 UTC,2020-08-12,18:12:29,0,985686123123949568,kristennetten,‚Ä¢K10‚Ä¢‚ô•Ô∏èüïäüá∫üá¶ ü¶ä,,‚ô•Ô∏è for all those who stayed and fought for Tesla:  ‚ô•Ô∏è          ‚ù§Ô∏è        ‚ô•Ô∏è                  ‚ù§Ô∏è                           ‚ô•Ô∏è   https://t.co/EFeUtZ91mO,en,[],[],['https://pbs.twimg.com/tweet_video_thumb/DpUUQ8jUYAcsk10.jpg'],16,30,314,[],[],https://twitter.com/Kristennetten/status/1293611329287118854,False,,1,https://pbs.twimg.com/tweet_video_thumb/DpUUQ8jUYAcsk10.jpg,,,,,,,[],,,,,0.004407772,0.060366217,0.9352261
37,1293609387060269057,1293609387060269057,2020-08-12 18:04:46 UTC,2020-08-12,18:04:46,0,1181680350541553666,simplejackcap,Simple Jack Capitalüë®‚Äçü¶Øüìâ,,BREAKING NEWS: Tesla up 13% on hopes buyers can soon sell shares to poor people,en,[],[],[],5,7,113,[],[],https://twitter.com/SimpleJackCap/status/1293609387060269057,False,,0,,,,,,,,[],,,,,0.021037359,0.36465716,0.61430544
38,1293608835882651658,1293608835882651658,2020-08-12 18:02:35 UTC,2020-08-12,18:02:35,0,1308211178,teslarati,TESLARATI,,"Elon Musk drops cryptic , apparent Plaid Tesla Model S hint ahead of Battery Day  https://t.co/wWmtuVgfpX",en,[],['https://www.teslarati.com/elon-musk-tesla-model-s-plaid-battery-day'],[],17,72,802,[],[],https://twitter.com/Teslarati/status/1293608835882651658,False,,0,,,,,,,,[],,,,,0.06627048,0.87273294,0.060996555
39,1293606331405012992,1293606331405012992,2020-08-12 17:52:38 UTC,2020-08-12,17:52:38,0,1413027896,charliebilello,Charlie Bilello,,Tesla only up 12% today. Should've done a 10 for 1 stock split. $TSLA  https://t.co/HOESjWccEi,en,[],[],['https://pbs.twimg.com/media/EfPPvSWXYAAKS5s.png'],22,62,572,[],['tsla'],https://twitter.com/charliebilello/status/1293606331405012992,False,,1,https://pbs.twimg.com/media/EfPPvSWXYAAKS5s.png,,,,,,,[],,,,,0.24834217,0.45523098,0.29642698
40,1293603838100815872,1293603838100815872,2020-08-12 17:42:43 UTC,2020-08-12,17:42:43,0,3239203002,whatsinside,WHAT'S INSIDE?,,My 2011 @Tesla Roadster has more range than my 2017 Model X. Wow.  https://t.co/TXcoHpQoNc,en,"[{'screen_name': 'tesla', 'name': 'tesla', 'id': '13298072'}]",[],"['https://pbs.twimg.com/media/EfPN1SzU8AIkrDV.jpg', 'https://pbs.twimg.com/media/EfPN1SzVAAIFt8I.jpg', 'https://pbs.twimg.com/media/EfPN1SzVoAYPghQ.jpg']",16,32,1125,[],[],https://twitter.com/whatsinside/status/1293603838100815872,False,,1,https://pbs.twimg.com/media/EfPN1SzU8AIkrDV.jpg,,,,,,,[],,,,,0.0041975765,0.06208305,0.9337195
41,1293598821214085120,1293598821214085120,2020-08-12 17:22:47 UTC,2020-08-12,17:22:47,0,985686123123949568,kristennetten,‚Ä¢K10‚Ä¢‚ô•Ô∏èüïäüá∫üá¶ ü¶ä,,2018-2019 were the Tesla FUD years that many of us uncovered deep connections btw big oil/ media group/ journalists to TeslaQ.  I dug up some great info.   I watched that night of 420.,en,[],[],[],8,5,83,[],[],https://twitter.com/Kristennetten/status/1293598821214085120,False,,0,,,,,,,,[],,,,,0.009873783,0.13364261,0.8564836
42,1293593697314054144,1293593697314054144,2020-08-12 17:02:25 UTC,2020-08-12,17:02:25,0,1308211178,teslarati,TESLARATI,,Tesla's battery team is on the verge of a new cell with revolutionary density  https://t.co/0z9on54rtt,en,[],['https://www.teslarati.com/tesla-battery-cell-new-density-research/'],[],18,101,998,[],[],https://twitter.com/Teslarati/status/1293593697314054144,False,,0,,,,,,,,[],,,,,0.002701603,0.08911406,0.90818423
43,1293591446587670528,1293591446587670528,2020-08-12 16:53:29 UTC,2020-08-12,16:53:29,0,1027608971627122689,teslacito,Teslacito Latino,,The Tesla 4:20 split was a brilliant exercise in deception. They kept the 8K in the drawer to drown bad news.  Martin Tripp's evidence of the fact that Tesla and Elon Musk engaged in #fraud to inflate $TSLA financials is forgotten by the masses.,en,[],[],[],3,14,61,['fraud'],['tsla'],https://twitter.com/teslacito/status/1293591446587670528,False,,0,,,,,,,,[],,,,,0.72025084,0.2521082,0.027640885
44,1293588801986666498,1293588801986666498,2020-08-12 16:42:58 UTC,2020-08-12,16:42:58,0,959471389282578432,evafoxu,Eva Fox Áãêü¶ä‚ù§Ô∏èüá∫üá¶,,"Tesla China üá®üá≥ is Hiring to Design the Next Big Tesla Model: The Smaller Model 2?ü§î  According to @elonmusk, some of the best works of art in the world were created in China, so he believes that projects created here will also be popular around the üåéüåçüåè  https://t.co/pp6DY0uW4d",en,"[{'screen_name': 'elonmusk', 'name': 'elon musk', 'id': '44196397'}]",['https://www.tesmanian.com/blogs/tesmanian-blog/tesla-is-hiring-sr-car-designer-in-china-hints-special-model-for-chinese-market-will-happen'],[],2,7,82,[],[],https://twitter.com/EvaFoxU/status/1293588801986666498,False,,0,,,,,,,,[],,,,,0.003218742,0.15309225,0.8436889
45,1293586735431954433,1293508304967282688,2020-08-12 16:34:46 UTC,2020-08-12,16:34:46,0,1143296723638337536,marston4ca42,Regina Marston now in CA 48 üò±ü§¨,,@davematt88 They put solar panels on the roof &amp; a Tesla in my garage. Damn freaks.,en,[],[],[],3,2,64,[],[],https://twitter.com/Marston4ca42/status/1293586735431954433,False,,0,,,,,,,,"[{'screen_name': 'davematt88', 'name': 'Dave Matt', 'id': '558818756'}]",,,,,0.86396056,0.12372156,0.012317952
46,1293583411123191808,1293583411123191808,2020-08-12 16:21:33 UTC,2020-08-12,16:21:33,0,14170824,eg_systems,Ze Ozer Bigoudi,,Tesla prend 9% apr√®s avoir annonc√© une division de l‚Äôaction par 5. Rien ne change √©conomiquement mais la valeur de l‚Äôentreprise monte de 10%. Pourquoi? Une action moins ch√®re est plus accessible et donc plus de gens vont pouvoir en acheter. √áa rappelle la bulle dotcom.,fr,[],[],[],10,13,71,[],[],https://twitter.com/EG_Systems/status/1293583411123191808,False,,0,,,,,,,,[],,,,,0.1140458,0.8276406,0.05831363
47,1293582275448209408,1293582275448209408,2020-08-12 16:17:02 UTC,2020-08-12,16:17:02,0,959168599519764480,ray4tesla,Ray4Tesla‚ö°Ô∏èüöò‚òÄÔ∏èüîã,,A smaller and more affordable Tesla model is coming? I‚Äôd think so. China Design Center is likely to make it happen.   https://t.co/06KsJR5f2x,en,[],['https://www.tesmanian.com/blogs/tesmanian-blog/tesla-is-hiring-sr-car-designer-in-china-hints-special-model-for-chinese-market-will-happen'],[],14,26,172,[],[],https://twitter.com/ray4tesla/status/1293582275448209408,False,,0,,,,,,,,[],,,,,0.009928383,0.41852695,0.57154477
48,1293579648618475527,1293579648618475527,2020-08-12 16:06:36 UTC,2020-08-12,16:06:36,0,1689516060,vincent13031925,vincentyu.eth,,Tesla China is Hiring (Sr. Car Designer) to Design the Next Big Tesla Model: The Smaller Model 2?  By @EvaFoxU &amp; @SmokeyShorts   https://t.co/KEXWqOrLPG,en,"[{'screen_name': 'evafoxu', 'name': 'eva fox Áãêü¶ä‚ù§Ô∏èüá∫üá¶', 'id': '959471389282578432'}, {'screen_name': 'smokeyshorts', 'name': 'smokey ü¶äüá∫üá¶', 'id': '1142075458231492608'}]",['https://www.tesmanian.com/blogs/tesmanian-blog/tesla-is-hiring-sr-car-designer-in-china-hints-special-model-for-chinese-market-will-happen'],[],9,18,193,[],[],https://twitter.com/vincent13031925/status/1293579648618475527,False,,0,,,,,,,,[],,,,,0.004711765,0.8896786,0.10560958
49,1293579194727718915,1293579194727718915,2020-08-12 16:04:48 UTC,2020-08-12,16:04:48,0,1100520274200416256,tesmanian_com,Tesmanian.com,,Tesla China is Hiring (Sr. Car Designer) to Design the Next Big Tesla Model: The Smaller Model 2?  https://t.co/eDGKK5bZax,en,[],['https://www.tesmanian.com/blogs/tesmanian-blog/tesla-is-hiring-sr-car-designer-in-china-hints-special-model-for-chinese-market-will-happen'],[],3,19,164,[],[],https://twitter.com/Tesmanian_com/status/1293579194727718915,False,,0,,,,,,,,[],,,,,0.006646884,0.8965222,0.096831
50,1293578849435836417,1293578849435836417,2020-08-12 16:03:25 UTC,2020-08-12,16:03:25,0,2615610961,cablecarcapital,Jacob Ma-Weaver,,"For the record, I first contacted Tripp after learning of Tesla's lawsuit in the media. The litigation is unrelated and immaterial to the fund's investments in Tesla securities, which include short exposure and a long position in convertible debentures.",en,[],[],[],24,16,100,[],[],https://twitter.com/cablecarcapital/status/1293578849435836417,False,https://twitter.com/elonmusk/status/1293554977965670402,0,,,,,,,,[],,,,,0.23089097,0.7451139,0.023995057
51,1293578236547543040,1293578236547543040,2020-08-12 16:00:59 UTC,2020-08-12,16:00:59,0,1156263838540546048,everydaytesla,‚ö°Ô∏èEveryday Tesla‚ö°Ô∏è,,Should Tesla refresh the Model S design in the near future?,en,[],[],[],26,2,100,[],[],https://twitter.com/EverydayTesla/status/1293578236547543040,False,,0,,,,,,,,[],,,,,0.006891138,0.8857166,0.10739222
52,1293574076653436929,1293574076653436929,2020-08-12 15:44:27 UTC,2020-08-12,15:44:27,0,154221292,casey,Casey Neistat,,"Hey @RadioFlyer do you sell a charger for the toy Tesla?  Not sure how but we lost ours and I couldn‚Äôt find one for purchase on your website.  thanks in advance, great product!  https://t.co/zIRc0t4vIn",en,"[{'screen_name': 'radioflyer', 'name': 'radio flyer', 'id': '88936240'}]",[],"['https://pbs.twimg.com/media/EfOywJtU8AEVbbs.jpg', 'https://pbs.twimg.com/media/EfOywJtU4AAs0BF.jpg']",44,27,2391,[],[],https://twitter.com/Casey/status/1293574076653436929,False,,1,https://pbs.twimg.com/media/EfOywJtU8AEVbbs.jpg,,,,,,,[],,,,,0.06789275,0.21742888,0.71467817
53,1293573697526259715,1293573697526259715,2020-08-12 15:42:57 UTC,2020-08-12,15:42:57,0,984928440125218816,smartmoneypug,Smart Money Pug,,Hey @elonmusk can we still expect Tesla Ventilator Day before the end of the year? What happened to those brainstorming sessions with Medtronic?   $TSLA,en,"[{'screen_name': 'elonmusk', 'name': 'elon musk', 'id': '44196397'}]",[],[],4,5,59,[],['tsla'],https://twitter.com/SmartMoneyPug/status/1293573697526259715,False,,0,,,,,,,,[],,,,,0.013688062,0.89131933,0.0949927
54,1293573001552650240,1293572983366152192,2020-08-12 15:40:11 UTC,2020-08-12,15:40:11,0,279310207,yorkeeem,Ethan,,So here are the final numbers:  15K/year: Tesla is $22.25 less per month vs. 135i 12K/year: Tesla is $26 more per month vs. 135i 10K/year: Tesla is $56.50 more per month vs. 135i  Pull the trigger? Keep dreaming?  What do you guys think?  Let me know if you found this helpful üëç,en,[],[],[],25,0,53,[],[],https://twitter.com/yorkeeem/status/1293573001552650240,False,,0,,,,,,,,[],,,,,0.020649007,0.70278037,0.27657077
55,1293572983366152192,1293572983366152192,2020-08-12 15:40:07 UTC,2020-08-12,15:40:07,0,279310207,yorkeeem,Ethan,,"Guys, I made a mistake üòï  I test drove a Tesla Model 3 yesterday üöó  I LOVED it, but I will not get rid of my car and get one unless the monthly cost is equal to or less than what my current car costs me.  My current car payment is $307/mo  Think it's possible? Let's find out  https://t.co/aO06uJsQjx",en,[],[],"['https://pbs.twimg.com/media/EfOto1rVAAMg9Lu.jpg', 'https://pbs.twimg.com/media/EfOtql1UEAE4EhJ.jpg']",94,25,354,[],[],https://twitter.com/yorkeeem/status/1293572983366152192,False,,1,https://pbs.twimg.com/media/EfOto1rVAAMg9Lu.jpg,,,,,,,[],,,,,0.30765003,0.28094482,0.41140512
56,1293571945271877632,1293571945271877632,2020-08-12 15:35:59 UTC,2020-08-12,15:35:59,0,200988337,tayontech,Employed Entrepreneur,,Scooped up 8k of Tesla stock and 6k of Apple stock. I learned my lesson this time,en,[],[],[],5,18,211,[],[],https://twitter.com/TayOnTech/status/1293571945271877632,False,,0,,,,,,,,[],,,,,0.27581078,0.5808795,0.14330968
57,1293571709656858625,1293571709656858625,2020-08-12 15:35:03 UTC,2020-08-12,15:35:03,0,1308211178,teslarati,TESLARATI,,Tesla's (TSLA) stock split has Jim Cramer's support  https://t.co/1bNwbznOsZ  https://t.co/90qT4DuS4i,en,[],['https://www.teslarati.com/tesla-tsla-stock-split-jim-cramer/'],['https://pbs.twimg.com/media/EfOwnU3X0AYHmeJ.jpg'],2,24,306,[],[],https://twitter.com/Teslarati/status/1293571709656858625,False,,1,https://pbs.twimg.com/media/EfOwnU3X0AYHmeJ.jpg,,,,,,,[],,,,,0.0031539882,0.382537,0.61430895
58,1293570760498384897,1293570760498384897,2020-08-12 15:31:17 UTC,2020-08-12,15:31:17,0,959471389282578432,evafoxu,Eva Fox Áãêü¶ä‚ù§Ô∏èüá∫üá¶,,"Tesla Stock $TSLA Split a Great Opportunity for Young Investors, says Jim Cramer  America is changing and there are many young people out there who want to buy Tesla shares  @elonmusk  #Tesla   https://t.co/EiXUO34OzY",en,"[{'screen_name': 'elonmusk', 'name': 'elon musk', 'id': '44196397'}]",['https://www.tesmanian.com/blogs/tesmanian-blog/jim-cramer'],[],1,6,91,['tesla'],['tsla'],https://twitter.com/EvaFoxU/status/1293570760498384897,False,,0,,,,,,,,[],,,,,0.0029802436,0.08299978,0.91402
59,1293569327929663488,1293569327929663488,2020-08-12 15:25:35 UTC,2020-08-12,15:25:35,0,62352300,jlengenfelder,J√∂rg,,"Gerade am Nachbartisch im Hotel: √§ltere, offensichtlich Wohlhabende mockieren sich lautstark √ºber E-Mobilit√§t. Reichweite, Laden, Stromnetz, alles v√∂llig untauglich. Aber Wasserstoff, dass isses. Hab im Vorbeigehen kurz erw√§hnt, dass ich Tesla und &gt;60tkm im Jahr fahre. Stille...",de,[],[],[],12,17,169,[],[],https://twitter.com/JLengenfelder/status/1293569327929663488,False,,0,,,,,,,,[],,,,,0.09155256,0.7156591,0.19278829
60,1293565672975241216,1293565672975241216,2020-08-12 15:11:04 UTC,2020-08-12,15:11:04,0,1689516060,vincent13031925,vincentyu.eth,,"Tesla Stock ( $TSLA ) Split a Great Opportunity for Young Investors, says Jim Cramer @jimcramer   via @Tesmanian_com  by @EvaFoxU   https://t.co/hZV3LZyEas",en,"[{'screen_name': 'jimcramer', 'name': 'jim cramer', 'id': '14216123'}, {'screen_name': 'tesmanian_com', 'name': 'tesmanian.com', 'id': '1100520274200416256'}, {'screen_name': 'evafoxu', 'name': 'eva fox ü¶ä‚ù§Ô∏èüá∫üá¶', 'id': '959471389282578432'}]",['https://www.tesmanian.com/blogs/tesmanian-blog/jim-cramer'],[],9,39,293,[],['tsla'],https://twitter.com/vincent13031925/status/1293565672975241216,False,,0,,,,,,,,[],,,,,0.0027492354,0.12235634,0.8748942
61,1293564884530024451,1293564884530024451,2020-08-12 15:07:56 UTC,2020-08-12,15:07:56,0,1100520274200416256,tesmanian_com,Tesmanian.com,,"Tesla Stock ( $TSLA ) Split a Great Opportunity for Young Investors, says Jim Cramer  https://t.co/NJbHnwLWpi",en,[],['https://www.tesmanian.com/blogs/tesmanian-blog/jim-cramer'],[],0,25,200,[],['tsla'],https://twitter.com/Tesmanian_com/status/1293564884530024451,False,,0,,,,,,,,[],,,,,0.0026269716,0.07825634,0.9191166
62,1293563689619030022,1293563689619030022,2020-08-12 15:03:11 UTC,2020-08-12,15:03:11,0,38253449,fredericlambert,Fred Lambert,,"Very important research paper from the Dahn/Tesla battery research team. With 200 cycles, it's not quite there yet but this could very well become the next-gen battery cell to power electric vehicles in the latter half of this decade.   https://t.co/SlPPhc0Ozr",en,[],['https://electrek.co/2020/08/12/tesla-researchers-show-path-next-gen-battery-cell-breakthrough-energy-density/'],[],10,37,188,[],[],https://twitter.com/FredericLambert/status/1293563689619030022,False,,0,,,,,,,,[],,,,,0.0025668938,0.034728754,0.96270436
63,1293560846581366785,1293535036688539653,2020-08-12 14:51:53 UTC,2020-08-12,14:51:53,0,123870913,stampylongnose,Stampy Cat,,@iBallisticSquid @ChooChoosGaming I have been waiting over 7 years for @elonmusk to send me a free Tesla.   It's starting to get ridiculous. Awful service.,en,"[{'screen_name': 'elonmusk', 'name': 'elon musk', 'id': '44196397'}]",[],[],38,14,596,[],[],https://twitter.com/stampylongnose/status/1293560846581366785,False,,0,,,,,,,,"[{'screen_name': 'iBallisticSquid', 'name': 'Squiddy', 'id': '780573108'}, {'screen_name': 'ChooChoosGaming', 'name': 'ChooChoosGAMING', 'id': '1108828020'}]",,,,,0.92878544,0.060934603,0.010280028
64,1293560121453420546,1293560121453420546,2020-08-12 14:49:00 UTC,2020-08-12,14:49:00,0,2148233600,electrekco,Electrek.co,,Tesla researchers show path to next-gen battery cell with breakthrough energy density  https://t.co/kiUH9ACixS by @fredericlambert,en,"[{'screen_name': 'fredericlambert', 'name': 'fred lambert', 'id': '38253449'}]",['https://electrek.co/2020/08/12/tesla-researchers-show-path-next-gen-battery-cell-breakthrough-energy-density/'],[],2,47,211,[],[],https://twitter.com/ElectrekCo/status/1293560121453420546,False,,0,,,,,,,,[],,,,,0.003256952,0.2099223,0.7868208
65,1293558595703930882,1293558595703930882,2020-08-12 14:42:57 UTC,2020-08-12,14:42:57,0,1107132371747262465,coolp1np,that‚Äôs it. that‚Äôs the tweet.,,Tesla doing a 5 for 1 stock split so people with only $300 can invest in them? In the biz we call that knowing your investors.,en,[],[],[],5,4,80,[],[],https://twitter.com/coolp1np/status/1293558595703930882,False,,0,,,,,,,,[],,,,,0.25009227,0.6441087,0.10579913
66,1293557323336749057,1293557323336749057,2020-08-12 14:37:53 UTC,2020-08-12,14:37:53,0,334988605,tyleriam,Trill Withers,,Tesla on bricks feels extremely 2020,en,[],[],[],18,945,4260,[],[],https://twitter.com/TylerIAm/status/1293557323336749057,False,https://twitter.com/Jessewelle/status/1293413797734932480,0,,,,,,,,[],,,,,0.59464663,0.3519131,0.053440247
67,1293557124010774528,1293557124010774528,2020-08-12 14:37:06 UTC,2020-08-12,14:37:06,0,738368253425287169,elektro_robin,Robin Engelhardt,,"Irre, wie gef√§hrlich diese Technik ist. Sowas kann √ºbrigens bei keinem Elektroauto der Welt passieren, weil die sich bei angestecktem Kabel gar nicht starten lassen. Aber Hauptsache, alle kriegen Schnappatmung, wenn einmal im Schaltjahr ein Tesla brennt.",de,[],[],[],11,64,222,[],[],https://twitter.com/Elektro_Robin/status/1293557124010774528,False,https://twitter.com/sfteslaclub/status/1293419813172154368,0,,,,,,,,[],,,,,0.10073734,0.687916,0.21134666
68,1293556746674270208,1293556746674270208,2020-08-12 14:35:36 UTC,2020-08-12,14:35:36,0,1689516060,vincent13031925,vincentyu.eth,,What‚Äôs next for $TSLA after 5:1 stock split:  - Battery Day - Shareholders Meeting 2020 - S&amp;P 500 inclusion (maybe) - Q3 delivery # - Q3 ER - Giga Shanghai Phase 2 - MIC Model Y - Tesla Semi - FSD - Tesla Giga Berlin Phase 1 - Tesla CyberTruck  - MIG Model Y,en,[],[],[],100,272,1423,[],['tsla'],https://twitter.com/vincent13031925/status/1293556746674270208,False,,0,,,,,,,,[],,,,,0.008129124,0.87929827,0.11257249
69,1293552915257458688,1293552915257458688,2020-08-12 14:20:22 UTC,2020-08-12,14:20:22,0,14763734,digitaltrends,Digital Trends,,"A Tesla that is powered by gas? Isn't that, like, the ultimate oxymoron? Believe it or not, it IS achievable, with the right tools.  https://t.co/aEJu0gPSUY",en,[],[],[],16,54,175,[],[],https://twitter.com/DigitalTrends/status/1293552915257458688,False,,1,https://pbs.twimg.com/amplify_video_thumb/1293551823366901763/img/ewL-XxEdQuABrDMJ.jpg,,,,,,,[],,,,,0.039234243,0.23918563,0.7215801
70,1293549977772400641,1293549977772400641,2020-08-12 14:08:42 UTC,2020-08-12,14:08:42,0,105852422,alifarhat79,Not Jerome Powell,,TESLA  https://t.co/7AZ8Z09j4q,tr,[],[],"['https://pbs.twimg.com/media/EfOc2PrXYAEb3-0.jpg', 'https://pbs.twimg.com/media/EfOc2PrWoAAWvnL.jpg']",1,45,343,[],[],https://twitter.com/alifarhat79/status/1293549977772400641,False,,1,https://pbs.twimg.com/media/EfOc2PrXYAEb3-0.jpg,,,,,,,[],,,,,0.01711992,0.80069983,0.18218023
71,1293546685075820544,1293546685075820544,2020-08-12 13:55:37 UTC,2020-08-12,13:55:37,0,959168599519764480,ray4tesla,Ray4Tesla‚ö°Ô∏èüöò‚òÄÔ∏èüîã,,"A brand new Tesla store opened in Chengdu, China.   Source: BaiJiGuangDeMaJia  https://t.co/axjbrW89DW",en,[],[],"['https://pbs.twimg.com/media/EfOZ2oeU0AECM8S.jpg', 'https://pbs.twimg.com/media/EfOZ2odUEAAexQ-.jpg', 'https://pbs.twimg.com/media/EfOZ2ofVoAgZIw0.jpg', 'https://pbs.twimg.com/media/EfOZ2ojUEAEwikC.jpg']",10,23,213,[],[],https://twitter.com/ray4tesla/status/1293546685075820544,False,,1,https://pbs.twimg.com/media/EfOZ2oeU0AECM8S.jpg,,,,,,,[],,,,,0.0035171339,0.70584947,0.29063347
72,1293546266152951808,1293546266152951808,2020-08-12 13:53:57 UTC,2020-08-12,13:53:57,0,1689516060,vincent13031925,vincentyu.eth,,There‚Äôs no such a thing as:   1. Hydrogen world of Tesla  2. Chinese Tesla   3. Tesla Killer  4. Tesla No. 2  The only one Tesla is #Tesla,en,[],[],[],8,23,360,['tesla'],[],https://twitter.com/vincent13031925/status/1293546266152951808,False,,0,,,,,,,,[],,,,,0.17847909,0.6546305,0.16689041
73,1293546112968728578,1293546112968728578,2020-08-12 13:53:20 UTC,2020-08-12,13:53:20,0,18856867,zerohedge,zerohedge,,"Tesla Sets Up Insurance Brokerage in China, Caixin Reports",en,[],[],[],16,29,104,[],[],https://twitter.com/zerohedge/status/1293546112968728578,False,,0,,,,,,,,[],,,,,0.019611666,0.9342814,0.046107017
74,1293544947371704321,1293544947371704321,2020-08-12 13:48:43 UTC,2020-08-12,13:48:43,0,105852422,alifarhat79,Not Jerome Powell,,Tesla has a 12% weight in the SPX index. This means it will be 60% of the S&amp;P 500 after the split.,en,[],[],[],16,9,131,[],[],https://twitter.com/alifarhat79/status/1293544947371704321,False,,0,,,,,,,,[],,,,,0.009589005,0.54724246,0.4431685
75,1293543939123875843,1293543939123875843,2020-08-12 13:44:42 UTC,2020-08-12,13:44:42,0,69620713,markets,Bloomberg Markets,,Tesla stock rises after the company announces a 5 for one stock split  https://t.co/r67O2gKXiL  https://t.co/BXt5j8xqxN,en,[],['https://bloom.bg/3fLJVZz'],['https://pbs.twimg.com/media/EfOXWREWsAAvB8u.png'],19,78,227,[],[],https://twitter.com/markets/status/1293543939123875843,False,,1,https://pbs.twimg.com/media/EfOXWREWsAAvB8u.png,,,,,,,[],,,,,0.0027269837,0.16513774,0.83213514
76,1293542148629962754,1293542148629962754,2020-08-12 13:37:35 UTC,2020-08-12,13:37:35,0,316155198,tomi,Tomi,,"It‚Äôs irrelevant whether you believe Tripp or not, the proof is Tesla‚Äôs internal emails. $TSLAQ",en,[],[],[],1,8,67,[],['tslaq'],https://twitter.com/tomi/status/1293542148629962754,False,https://twitter.com/tesmatiker/status/1293433105144057856,0,,,,,,,,[],,,,,0.19715838,0.719768,0.083073586
77,1293542055260512256,1293542055260512256,2020-08-12 13:37:13 UTC,2020-08-12,13:37:13,0,349249475,gerberkawasaki,Ross Gerber,,Tesla stock split leading to a soaring market rally and hope springs eternal. Will be talking tesla on @TDANetwork at 7:25 am pst. Get the scoop on what‚Äôs next for $tsla,en,"[{'screen_name': 'tdanetwork', 'name': 'td ameritrade network', 'id': '872519322077470721'}]",[],[],8,5,92,[],['tsla'],https://twitter.com/GerberKawasaki/status/1293542055260512256,False,,0,,,,,,,,[],,,,,0.002253829,0.06263006,0.9351161
78,1293538832592166913,1293538832592166913,2020-08-12 13:24:25 UTC,2020-08-12,13:24:25,0,985243593538338816,teslaconomics,Teslaconomics,,Don‚Äôt underestimate Tesla insurance.   $TSLA #Tesla  https://t.co/yKx9la5Hyu,en,[],[],['https://pbs.twimg.com/media/EfOStkwVoAI0hOV.jpg'],3,6,65,['tesla'],['tsla'],https://twitter.com/Teslaconomics/status/1293538832592166913,False,,1,https://pbs.twimg.com/media/EfOStkwVoAI0hOV.jpg,,,,,,,[],,,,,0.0070269927,0.24013889,0.7528341
79,1293538519177138176,1293538519177138176,2020-08-12 13:23:10 UTC,2020-08-12,13:23:10,0,2148233600,electrekco,Electrek.co,,Tesla 'Big Battery' shows record 270 MW range after expansion  https://t.co/DH8yBlMswv by @fredericlambert,en,"[{'screen_name': 'fredericlambert', 'name': 'fred lambert', 'id': '38253449'}]",['https://electrek.co/2020/08/12/tesla-big-battery-shows-record-mw-range-expansion/'],[],3,42,192,[],[],https://twitter.com/ElectrekCo/status/1293538519177138176,False,,0,,,,,,,,[],,,,,0.0031248091,0.3154647,0.68141043
80,1293537350958682113,1293537350958682113,2020-08-12 13:18:31 UTC,2020-08-12,13:18:31,0,105852422,alifarhat79,Not Jerome Powell,,"If u invested $10,000 in Tesla before the 5-for-1 stock split you‚Äôd have $50,000 now",en,[],[],[],30,21,452,[],[],https://twitter.com/alifarhat79/status/1293537350958682113,False,,0,,,,,,,,[],,,,,0.058387402,0.7286362,0.21297632
81,1293536935110225920,1293536935110225920,2020-08-12 13:16:52 UTC,2020-08-12,13:16:52,0,1233929232432205827,gailalfaratx,Gail Alfar,,‚òïÔ∏è Good Morning from the Austin Tesla Club ‚òïÔ∏è  https://t.co/z7ws3kltty,en,[],[],"['https://pbs.twimg.com/media/EfOQ9rTXkAEZcjF.jpg', 'https://pbs.twimg.com/media/EfOQ96oXoAE4mpY.jpg', 'https://pbs.twimg.com/media/EfOQ-E7XgAEP1DC.jpg']",9,6,64,[],[],https://twitter.com/GailAlfarATX/status/1293536935110225920,False,,1,https://pbs.twimg.com/media/EfOQ9rTXkAEZcjF.jpg,,,,,,,[],,,,,0.001480595,0.04912564,0.9493938
82,1293533416189820929,1293533416189820929,2020-08-12 13:02:53 UTC,2020-08-12,13:02:53,0,1308211178,teslarati,TESLARATI,,Tesla continues at the ‚Äòspeed of Elon‚Äô with Gigafactory Texas‚Äô new hiring ramp  https://t.co/uRSuFrYH3V  https://t.co/zNF41gdttN,en,[],['https://www.teslarati.com/tesla-gigafactory-texas-elon-speed-hiring-ramp'],['https://pbs.twimg.com/media/EfONyY5XYAMslJ-.jpg'],2,27,400,[],[],https://twitter.com/Teslarati/status/1293533416189820929,False,,1,https://pbs.twimg.com/media/EfONyY5XYAMslJ-.jpg,,,,,,,[],,,,,0.0037956713,0.46655452,0.5296498
83,1293526222840852482,1293526222840852482,2020-08-12 12:34:18 UTC,2020-08-12,12:34:18,0,1258426647792869377,company_hack,‰ºÅÊ•≠ÂàÜÊûê„Éè„ÉÉ„ÇØ -Êñ∞„Åó„ÅÑ„Éì„Ç∏„Éç„Çπ„ÅÆÊïôÁßëÊõ∏„Çí‰Ωú„Çã-,,ÊôÇ‰æ°Á∑èÈ°ç10ÂÖÜÂÜÜÂà∞ÈÅî„Åæ„Åß„ÅÆÂπ¥Êï∞„ÇíË™ø„Åπ„Åæ„Åó„Åü  ‰ªªÂ§©Â†Ç 118Âπ¥ „Éà„É®„Çø59Âπ¥ „ÇΩ„Éã„Éº54Âπ¥ „Ç≠„Éº„Ç®„É≥„Çπ46Âπ¥ Adobe36Âπ¥ Apple 31Âπ¥ Oracle29Âπ¥ ‰∫¨Êù±ÂïÜÂüé22Âπ¥ Microsoft 21Âπ¥ Netflix21Âπ¥ Paypal 20Âπ¥ Salesforce19Âπ¥ Tesla 17Âπ¥ Amazon17Âπ¥ Shopify16Âπ¥ Alibaba15Âπ¥ Tencent15Âπ¥ Facebook8Âπ¥ Google7Âπ¥ ÊãºÂ§öÂ§ö5Âπ¥  https://t.co/tKMy5u9cAG,ja,[],[],['https://pbs.twimg.com/media/EfOFJg1U8AEP63A.jpg'],0,96,440,[],[],https://twitter.com/company_hack/status/1293526222840852482,False,,1,https://pbs.twimg.com/media/EfOFJg1U8AEP63A.jpg,,,,,,,[],,,,,0.050949957,0.9020197,0.047030196
84,1293525807881760768,1293525807881760768,2020-08-12 12:32:39 UTC,2020-08-12,12:32:39,0,77708594,kkcrvenazvezda,KK Crvena zvezda mts,,1‚É£ - Langston Hall üëãüèª  Poƒçetkom prethodne nedelje doƒçekali smo Lengstona Hola i smestili ga u hotel @CrownePlazaBG   04th August 2020; @langston21 arrival at Nikola Tesla Belgrade airport üõ¨  ‚è≠Ô∏è ‚Äì arrival at hotel and warm welcomeüî¥‚ö™Ô∏èüôåüèª  #TogetherWeStand #WeAreTheTeam #kkcz  https://t.co/342sv8lNab,und,"[{'screen_name': 'crowneplazabg', 'name': 'crowne plaza beograd', 'id': '2258055572'}, {'screen_name': 'langston21', 'name': 'langston hall', 'id': '89850523'}]",[],"['https://pbs.twimg.com/media/EfOGk5mXkAA6SMN.jpg', 'https://pbs.twimg.com/media/EfOGxvqWoAEtr-b.jpg', 'https://pbs.twimg.com/media/EfOGk5tWoAAIFMt.jpg']",4,29,211,"['togetherwestand', 'wearetheteam', 'kkcz']",[],https://twitter.com/kkcrvenazvezda/status/1293525807881760768,False,,1,https://pbs.twimg.com/media/EfOGk5mXkAA6SMN.jpg,,,,,,,[],,,,,0.00627255,0.74516463,0.2485628
85,1293523390045855746,1293523390045855746,2020-08-12 12:23:03 UTC,2020-08-12,12:23:03,0,932630991298007041,litcapital,litquidity,,"Tesla announced a 5-for-1 stock split yesterday. For every 4 shares held, you‚Äôll now have 20. Touch√© @elonmusk",en,"[{'screen_name': 'elonmusk', 'name': 'elon musk', 'id': '44196397'}]",[],[],3,36,306,[],[],https://twitter.com/litcapital/status/1293523390045855746,False,,0,,,,,,,,[],,,,,0.022501405,0.53038645,0.44711217
86,1293522142756134912,1293522142756134912,2020-08-12 12:18:05 UTC,2020-08-12,12:18:05,0,134503182,bertelschmitt,BertelSchmitt‚Ñ¢ üá∫üá¶üíâüíâüíâüé©üé©üé©üé©üé©,,"Actually .... ALL EV registrations Germany  Jan-July 2019:  37,022 Jan-July 2020:  61,105  +65%  Tesla registrations Germany Jan-July 2019:  6,816 Jan-July 2020:  5,306    -22%%  $tsla getting creamed, both in share and absolute numbers  Source: KBA #planttoofar",en,[],[],[],3,21,88,['planttoofar'],['tsla'],https://twitter.com/BertelSchmitt/status/1293522142756134912,False,,0,,,,,,,,[],,,,,0.31877282,0.6210567,0.060170528
87,1293522116659249152,1293522116659249152,2020-08-12 12:17:59 UTC,2020-08-12,12:17:59,0,1725551528,lspmatt,Matt Angle,,"I want Tesla in TX too, but it's an outrage that @GregAbbott_TX gave a green light to $million$ in TX taxpayer $$ to Tesla but is in court arguing to end coverage for pre-existing conditions &amp; refuses to extend healthcare to millions of uninsured Texans.   https://t.co/TLzqzvDJVp",en,"[{'screen_name': 'gregabbott_tx', 'name': 'greg abbott', 'id': '90651198'}]",['https://www.expressnews.com/business/article/Tax-break-program-to-cost-Texas-1-billion-a-year-15476891.php'],[],4,48,91,[],[],https://twitter.com/LSPmatt/status/1293522116659249152,False,,0,,,,,,,,[],,,,,0.70598453,0.26246357,0.031552006
88,1293517517776998400,1293517517776998400,2020-08-12 11:59:43 UTC,2020-08-12,11:59:43,0,988955288,investingcom,Investing.com,,*TESLA SHARES UP 6.5% IN EARLY TRADE AFTER COMPANY ANNOUNCES FIVE-FOR-ONE STOCK SPLIT  $TSLA $TSLAQ  https://t.co/1G2w178Rnd,en,[],[],['https://pbs.twimg.com/media/EfN_UFGXgAADsXc.jpg'],2,37,116,[],"['tsla', 'tslaq']",https://twitter.com/Investingcom/status/1293517517776998400,False,,1,https://pbs.twimg.com/media/EfN_UFGXgAADsXc.jpg,,,,,,,[],,,,,0.0046499902,0.15923831,0.83611155
89,1293512907427401728,1293512907427401728,2020-08-12 11:41:24 UTC,2020-08-12,11:41:24,0,1039898233726808065,buddynolove,Boobie,,Found a dollar in my pocket this morning. I might go lease a Tesla.,en,[],[],[],6,32,143,[],[],https://twitter.com/BuddyNoLove/status/1293512907427401728,False,,0,,,,,,,,[],,,,,0.009575897,0.3973554,0.5930687
90,1293503735189168128,1293503735189168128,2020-08-12 11:04:57 UTC,2020-08-12,11:04:57,0,65330354,thejonlyon,Jonathan Lyon,,Since @BradSmi announced how @Microsoft will become carbon negative by 2030 I felt if my employer is doing this so should I. Step 1. Solar Panels 2. Air Source Heat Pump for heating and hot water using renewable energy 3. @Tesla Model3 and @myenergiuk Zappi using solar to charge  https://t.co/bzKyOP1Fx5,en,"[{'screen_name': 'bradsmi', 'name': 'brad smith', 'id': '14505546'}, {'screen_name': 'microsoft', 'name': 'microsoft', 'id': '74286565'}, {'screen_name': 'tesla', 'name': 'tesla', 'id': '13298072'}, {'screen_name': 'myenergiuk', 'name': 'myenergi', 'id': '795979808970776576'}]",[],"['https://pbs.twimg.com/media/EfNyvvuXoAIfFpZ.jpg', 'https://pbs.twimg.com/media/EfNyvvwWsAASxPz.jpg', 'https://pbs.twimg.com/media/EfNyvvpXoAAkiil.jpg']",16,11,134,[],[],https://twitter.com/TheJonLyon/status/1293503735189168128,False,,1,https://pbs.twimg.com/media/EfNyvvuXoAIfFpZ.jpg,,,,,,,[],,,,,0.018949343,0.59378994,0.38726065
91,1293502984383606787,1293502984383606787,2020-08-12 11:01:58 UTC,2020-08-12,11:01:58,0,1308211178,teslarati,TESLARATI,,Tesla lawsuit defendant Martin Tripp fires lawyers after $TSLA short financing is revealed  https://t.co/tzkQuBLx7r  https://t.co/WB0EVlVihY,en,[],['https://www.teslarati.com/tesla-martin-tripp-case-tslaq-financing-revealed'],['https://pbs.twimg.com/media/EfNyHCAX0AAZUVy.jpg'],60,213,4422,[],['tsla'],https://twitter.com/Teslarati/status/1293502984383606787,False,,1,https://pbs.twimg.com/media/EfNyHCAX0AAZUVy.jpg,,,,,,,[],,,,,0.424521,0.5602145,0.015264444
92,1293497091042369538,1293497091042369538,2020-08-12 10:38:33 UTC,2020-08-12,10:38:33,0,1035800996214013953,tesla_china,Teslas in Shanghai üá®üá≥ üöó‚ö°,,"""we partnered with Tesla to introduce in-game Tesla-branded car skins in July, which proved highly popular.""  -Tencent 2020 Q2 Earnings Release  $tcehy $tsla #tencent #tesla #ÁâπÊñØÊãâ  https://t.co/2ghLVoGP9S",en,[],[],['https://pbs.twimg.com/media/EfNsOzPUYAEauxX.jpg'],2,16,93,"['tencent', 'tesla', 'ÁâπÊñØÊãâ']","['tcehy', 'tsla']",https://twitter.com/tesla_china/status/1293497091042369538,False,,1,https://pbs.twimg.com/media/EfNsOzPUYAEauxX.jpg,,,,,,,[],,,,,0.0020158167,0.16143581,0.83654845
93,1293495571047751680,1293495571047751680,2020-08-12 10:32:30 UTC,2020-08-12,10:32:30,0,11388132,lessig,Lessig üá∫üá¶,,"Hey @Tesla @elonmusk ‚Äî why no way to crowdsource speed limit errors? E.g., when the reported limit is wrong, a driver presses the speed limit icon for 2 seconds; a question mark gets added to the icon, and Tesla gets notified of the error. When many report the same, you fix it.",en,"[{'screen_name': 'tesla', 'name': 'tesla', 'id': '13298072'}, {'screen_name': 'elonmusk', 'name': 'elon musk', 'id': '44196397'}]",[],[],6,3,70,[],[],https://twitter.com/lessig/status/1293495571047751680,False,,0,,,,,,,,[],,,,,0.61424255,0.37345207,0.012305359
94,1293495553872068610,1293495553872068610,2020-08-12 10:32:26 UTC,2020-08-12,10:32:26,0,1192510455719354369,luminitapoenaru,@Luminita Poenaru üá∑üá¥üáπüá∑üáÆüáπüá™üá∏,,Fatte largo che arriva la famiglia Atasoy!  #CanYaman   #√ñzg√ºrAtasoy  #Tesla  #Ezg√ºr  #BayYanlƒ±≈ü  https://t.co/htBcjOQzuc,it,[],[],"['https://pbs.twimg.com/media/EfNrVIsXgAUxYR6.jpg', 'https://pbs.twimg.com/media/EfNrWLnWkAAgCG-.jpg']",9,40,128,"['canyaman', '√∂zg√ºratasoy', 'tesla', 'ezg√ºr', 'bayyanlƒ±≈ü']",[],https://twitter.com/LuminitaPoenaru/status/1293495553872068610,False,,1,https://pbs.twimg.com/media/EfNrVIsXgAUxYR6.jpg,,,,,,,[],,,,,0.010054119,0.6803289,0.30961698
95,1293492817311014913,1293492817311014913,2020-08-12 10:21:34 UTC,2020-08-12,10:21:34,0,23256379,tillathenun,Andrew Till ‚Ä¢ Mr. EV,,"Does anyone else feel desperately sad when you see someone test driving an expensive ICE car?  I feel like jumping in front of the car, waving my arms and screaming ‚ÄúYou could buy a Tesla for that money, you prat.‚Äù",en,[],[],[],24,1,83,[],[],https://twitter.com/tillathenun/status/1293492817311014913,False,,0,,,,,,,,[],,,,,0.88684875,0.09303008,0.020121109
96,1293490412812935168,1293490412812935168,2020-08-12 10:12:00 UTC,2020-08-12,10:12:00,0,971762941015089152,bgrahamdisciple,B Graham Disciple,,"Effective immediately, I will be splitting my Tesla FUD 5 for 1.  Going forward, I will be tweeting 5 times as much Tesla FUD.  That is all.",en,[],[],[],3,4,67,[],[],https://twitter.com/bgrahamdisciple/status/1293490412812935168,False,,0,,,,,,,,[],,,,,0.3779853,0.533005,0.089009635
97,1293488962418413570,1293413797734932480,2020-08-12 10:06:15 UTC,2020-08-12,10:06:15,0,737369540,nixolayy,Nicolay,,"@saad_taifun @Jessewelle @elonmusk Warning sent to phone, car alarm starts sounding, all cameras turn on and start recording, and potentially (ethics allowing) allowing this information to extend to other Tesla cars in the area. There‚Äôs a lot that can be done.",en,[],[],[],6,3,251,[],[],https://twitter.com/Nixolayy/status/1293488962418413570,False,,0,,,,,,,,"[{'screen_name': 'saad_taifun', 'name': 'New folder (69) üìÅ', 'id': '503411399'}, {'screen_name': 'Jessewelle', 'name': 'Jesse Wellens', 'id': '37597184'}, {'screen_name': 'elonmusk', 'name': 'Elon Musk', 'id': '44196397'}]",,,,,0.06541582,0.8555946,0.07898968
98,1293488785213157377,1293488785213157377,2020-08-12 10:05:32 UTC,2020-08-12,10:05:32,0,21640793,autonewseurope,AutoNews Europe,,Tesla sales plunge in Europe even as the EV market booms  https://t.co/rj2ZVOE1B3  https://t.co/hxMCCzusW6,en,[],['http://dlvr.it/RdV06j'],['https://pbs.twimg.com/media/EfNlMgmU0AUwdQC.jpg'],24,38,121,[],[],https://twitter.com/AutoNewsEurope/status/1293488785213157377,False,,1,https://pbs.twimg.com/media/EfNlMgmU0AUwdQC.jpg,,,,,,,[],,,,,0.5408274,0.42177844,0.037394177
99,1293487098314608643,1293487098314608643,2020-08-12 09:58:50 UTC,2020-08-12,09:58:50,0,91478624,forbes,Forbes,,Tesla is planning the first stock split in the electric-car maker‚Äôs history as a public company  https://t.co/X9XuqWOwjw  https://t.co/RT875eCVTN,en,[],['http://on.forbes.com/6013GiR7W'],['https://pbs.twimg.com/media/EfNjqVVXYAIo2Fm.jpg'],6,30,189,[],[],https://twitter.com/Forbes/status/1293487098314608643,False,,1,https://pbs.twimg.com/media/EfNjqVVXYAIo2Fm.jpg,,,,,,,[],,,,,0.0054362235,0.835336,0.15922755
